[
  {"id":"lead-001","name":"Ana Silva","company":"TechCorp Solutions","email":"ana.silva@techcorp.com","source":"Website","score":95,"status":"new"},
  {"id":"lead-002","name":"Carlos Mendes","company":"Digital Innovations","email":"carlos@digitalinnovations.com","source":"LinkedIn","score":87,"status":"contacted"},
  {"id":"lead-003","name":"Mariana Costa","company":"StartupXYZ","email":"mariana@startupxyz.com","source":"Referral","score":92,"status":"qualified"},
  {"id":"lead-004","name":"Roberto Santos","company":"Enterprise Corp","email":"roberto.santos@enterprise.com","source":"Cold Email","score":78,"status":"new"},
  {"id":"lead-005","name":"Fernanda Lima","company":"Growth Partners","email":"fernanda@growthpartners.com","source":"Event","score":89,"status":"contacted"},
  {"id":"lead-006","name":"João Oliveira","company":"Tech Startup","email":"joao@techstartup.com","source":"Website","score":84,"status":"qualified"},
  {"id":"lead-007","name":"Patricia Rocha","company":"Innovation Labs","email":"patricia@innovationlabs.com","source":"Social Media","score":91,"status":"new"},
  {"id":"lead-008","name":"Lucas Ferreira","company":"Digital Agency","email":"lucas@digitalagency.com","source":"Referral","score":76,"status":"contacted"},
  {"id":"lead-009","name":"Camila Souza","company":"Future Tech","email":"camila@futuretech.com","source":"LinkedIn","score":88,"status":"qualified"},
  {"id":"lead-010","name":"Rafael Alves","company":"Smart Solutions","email":"rafael@smartsolutions.com","source":"Website","score":93,"status":"new"},
  {"id":"lead-011","name":"Beatriz Gomes","company":"NextGen Tech","email":"beatriz@nextgentech.com","source":"LinkedIn","score":82,"status":"contacted"},
  {"id":"lead-012","name":"Thiago Pires","company":"CloudWorks","email":"thiago@cloudworks.com","source":"Referral","score":90,"status":"qualified"},
  {"id":"lead-013","name":"Juliana Martins","company":"InnovateX","email":"juliana@innovatex.com","source":"Website","score":85,"status":"new"},
  {"id":"lead-014","name":"Fábio Cunha","company":"TechNova","email":"fabio@technova.com","source":"Event","score":79,"status":"contacted"},
  {"id":"lead-015","name":"Carolina Nunes","company":"DataLab","email":"carolina@datalab.com","source":"Cold Email","score":88,"status":"qualified"},
  {"id":"lead-016","name":"Eduardo Ribeiro","company":"Alpha Systems","email":"eduardo@alphasystems.com","source":"Website","score":81,"status":"new"},
  {"id":"lead-017","name":"Amanda Lima","company":"Beta Solutions","email":"amanda@betasolutions.com","source":"Referral","score":94,"status":"contacted"},
  {"id":"lead-018","name":"Gustavo Rocha","company":"NextWave","email":"gustavo@nextwave.com","source":"Social Media","score":86,"status":"qualified"},
  {"id":"lead-019","name":"Isabela Fernandes","company":"Future Innovations","email":"isabela@futureinnovations.com","source":"LinkedIn","score":92,"status":"new"},
  {"id":"lead-020","name":"Rodrigo Santos","company":"SmartTech","email":"rodrigo@smarttech.com","source":"Website","score":80,"status":"contacted"},
  {"id":"lead-021","name":"Renata Alves","company":"CyberLabs","email":"renata@cyberlabs.com","source":"Event","score":77,"status":"qualified"},
  {"id":"lead-022","name":"Marcelo Lima","company":"TechDynamics","email":"marcelo@techdynamics.com","source":"Referral","score":85,"status":"new"},
  {"id":"lead-023","name":"Sofia Costa","company":"Innovators Inc","email":"sofia@innovatorsinc.com","source":"Website","score":89,"status":"contacted"},
  {"id":"lead-024","name":"Felipe Rocha","company":"FutureLab","email":"felipe@futurelab.com","source":"Cold Email","score":83,"status":"qualified"},
  {"id":"lead-025","name":"Bianca Martins","company":"SmartWorks","email":"bianca@smartworks.com","source":"LinkedIn","score":91,"status":"new"},
  {"id":"lead-026","name":"Diego Souza","company":"AlphaTech","email":"diego@alphatech.com","source":"Website","score":78,"status":"contacted"},
  {"id":"lead-027","name":"Larissa Gomes","company":"Next Solutions","email":"larissa@nextsolutions.com","source":"Social Media","score":87,"status":"qualified"},
  {"id":"lead-028","name":"Vinícius Nunes","company":"Innovatech","email":"vinicius@innovatech.com","source":"Referral","score":90,"status":"new"},
  {"id":"lead-029","name":"Carla Pires","company":"Digital Minds","email":"carla@digitalminds.com","source":"Event","score":84,"status":"contacted"},
  {"id":"lead-030","name":"Guilherme Alves","company":"TechVision","email":"guilherme@techvision.com","source":"Website","score":92,"status":"qualified"},
  {"id":"lead-031","name":"Natália Lima","company":"SmartLab","email":"natalia@smartlab.com","source":"LinkedIn","score":86,"status":"new"},
  {"id":"lead-032","name":"Rogério Santos","company":"FutureWorks","email":"rogerio@futureworks.com","source":"Cold Email","score":80,"status":"contacted"},
  {"id":"lead-033","name":"Camila Ribeiro","company":"Alpha Innovations","email":"camila@alphainnovations.com","source":"Website","score":88,"status":"qualified"},
  {"id":"lead-034","name":"Bruno Costa","company":"NextGen Solutions","email":"bruno@nextgensolutions.com","source":"Event","score":83,"status":"new"},
  {"id":"lead-035","name":"Marina Fernandes","company":"TechLabs","email":"marina@techlabs.com","source":"Referral","score":90,"status":"contacted"},
  {"id":"lead-036","name":"Rafael Nunes","company":"Innovate Solutions","email":"rafael@innovatesolutions.com","source":"LinkedIn","score":85,"status":"qualified"},
  {"id":"lead-037","name":"Aline Souza","company":"DigitalWorks","email":"aline@digitalworks.com","source":"Website","score":92,"status":"new"},
  {"id":"lead-038","name":"Felipe Gomes","company":"SmartTech Solutions","email":"felipe@smarttechsolutions.com","source":"Social Media","score":81,"status":"contacted"},
  {"id":"lead-039","name":"Isadora Martins","company":"NextWave Labs","email":"isadora@nextwavelabs.com","source":"Referral","score":89,"status":"qualified"},
  {"id":"lead-040","name":"Leonardo Rocha","company":"FutureTech Labs","email":"leonardo@futuretechlabs.com","source":"Event","score":77,"status":"new"},
  {"id":"lead-041","name":"Patrícia Alves","company":"TechVision Solutions","email":"patricia@techvisionsolutions.com","source":"Website","score":86,"status":"contacted"},
  {"id":"lead-042","name":"Tiago Lima","company":"SmartInnovate","email":"tiago@smartinnovate.com","source":"LinkedIn","score":92,"status":"qualified"},
  {"id":"lead-043","name":"Vanessa Costa","company":"AlphaWorks","email":"vanessa@alphaworks.com","source":"Referral","score":88,"status":"new"},
  {"id":"lead-044","name":"André Santos","company":"NextGen Labs","email":"andre@nextgenlabs.com","source":"Website","score":84,"status":"contacted"},
  {"id":"lead-045","name":"Caroline Ribeiro","company":"Innovate Labs","email":"caroline@innovatelabs.com","source":"Social Media","score":90,"status":"qualified"},
  {"id":"lead-046","name":"Eduardo Rocha","company":"FutureTech Solutions","email":"eduardo@futuretechsolutions.com","source":"Cold Email","score":79,"status":"new"},
  {"id":"lead-047","name":"Juliana Alves","company":"SmartSolutions Inc","email":"juliana@smartsolutionsinc.com","source":"Event","score":91,"status":"contacted"},
  {"id":"lead-048","name":"Marcelo Costa","company":"TechDynamics Labs","email":"marcelo@techdynamicslabs.com","source":"Website","score":87,"status":"qualified"},
  {"id":"lead-049","name":"Larissa Fernandes","company":"InnovateTech Labs","email":"larissa@innovatechlabs.com","source":"Referral","score":83,"status":"new"},
  {"id":"lead-050","name":"Vinícius Nunes","company":"NextSolutions","email":"vinicius@nextsolutions.com","source":"LinkedIn","score":89,"status":"contacted"},
  {"id":"lead-051","name":"Amanda Silva","company":"FutureLab Solutions","email":"amanda@futurelabsolutions.com","source":"Website","score":90,"status":"qualified"},
  {"id":"lead-052","name":"Diego Costa","company":"SmartTech Labs","email":"diego@smarttechlabs.com","source":"Event","score":82,"status":"new"},
  {"id":"lead-053","name":"Natália Rocha","company":"Alpha Innovations Inc","email":"natalia@alphainnovationsinc.com","source":"Referral","score":86,"status":"contacted"},
  {"id":"lead-054","name":"Rodrigo Lima","company":"NextGen Tech Labs","email":"rodrigo@nextgentechlabs.com","source":"Social Media","score":88,"status":"qualified"},
  {"id":"lead-055","name":"Isabela Gomes","company":"TechWorks","email":"isabela@techworks.com","source":"Website","score":85,"status":"new"},
  {"id":"lead-056","name":"Rogério Fernandes","company":"Innovate Solutions Inc","email":"rogerio@innovatesolutionsinc.com","source":"LinkedIn","score":91,"status":"contacted"},
  {"id":"lead-057","name":"Carla Santos","company":"Digital Labs","email":"carla@digitallabs.com","source":"Referral","score":83,"status":"qualified"},
  {"id":"lead-058","name":"Bruno Lima","company":"FutureTech Innovations","email":"bruno@futuretechinnovations.com","source":"Event","score":87,"status":"new"},
  {"id":"lead-059","name":"Bianca Rocha","company":"SmartLab Solutions","email":"bianca@smartlabsolutions.com","source":"Website","score":92,"status":"contacted"},
  {"id":"lead-060","name":"Thiago Nunes","company":"AlphaTech Labs","email":"thiago@alphatechlabs.com","source":"Social Media","score":86,"status":"qualified"}
]
